<?xml version="1.0" encoding="UTF-8"?>
<project-private xmlns="http://www.netbeans.org/ns/project-private/1">
    <editor-bookmarks xmlns="http://www.netbeans.org/ns/editor-bookmarks/2" lastBookmarkId="0"/>
    <open-files xmlns="http://www.netbeans.org/ns/projectui-open-files/2">
        <group>
            <file>file:/C:/Users/Malithi/Documents/NetBeansProjects/Library%20Managgement%20System/src/View/BookDetails.java</file>
            <file>file:/C:/Users/Malithi/Documents/NetBeansProjects/Library%20Managgement%20System/src/Controller/BorrowController.java</file>
            <file>file:/C:/Users/Malithi/Documents/NetBeansProjects/Library%20Managgement%20System/src/Model/DBConnection.java</file>
            <file>file:/C:/Users/Malithi/Documents/NetBeansProjects/Library%20Managgement%20System/src/View/AddBookForm.java</file>
            <file>file:/C:/Users/Malithi/Documents/NetBeansProjects/Library%20Managgement%20System/src/View/BorrowBookForm.java</file>
            <file>file:/C:/Users/Malithi/Documents/NetBeansProjects/Library%20Managgement%20System/src/View/RemoveBookForm.java</file>
            <file>file:/C:/Users/Malithi/Documents/NetBeansProjects/Library%20Managgement%20System/src/View/Login.java</file>
            <file>file:/C:/Users/Malithi/Documents/NetBeansProjects/Library%20Managgement%20System/src/Controller/BookController.java</file>
            <file>file:/C:/Users/Malithi/Documents/NetBeansProjects/Library%20Managgement%20System/src/View/MemberSearchAndUpdateForm.java</file>
            <file>file:/C:/Users/Malithi/Documents/NetBeansProjects/Library%20Managgement%20System/src/View/934_generated4.jpg</file>
            <file>file:/C:/Users/Malithi/Documents/NetBeansProjects/Library%20Managgement%20System/src/Model/RemoveBook.java</file>
            <file>file:/C:/Users/Malithi/Documents/NetBeansProjects/Library%20Managgement%20System/src/Model/AddBook.java</file>
            <file>file:/C:/Users/Malithi/Documents/NetBeansProjects/Library%20Managgement%20System/src/Controller/LoginController.java</file>
            <file>file:/C:/Users/Malithi/Documents/NetBeansProjects/Library%20Managgement%20System/src/View/934_generated3.jpg</file>
            <file>file:/C:/Users/Malithi/Documents/NetBeansProjects/Library%20Managgement%20System/src/View/Home.java</file>
            <file>file:/C:/Users/Malithi/Documents/NetBeansProjects/Library%20Managgement%20System/src/View/RemoveMemberForm.java</file>
            <file>file:/C:/Users/Malithi/Documents/NetBeansProjects/Library%20Managgement%20System/src/View/BookSearchAndUpdateForm.java</file>
            <file>file:/C:/Users/Malithi/Documents/NetBeansProjects/Library%20Managgement%20System/src/Model/DBSearch.java</file>
            <file>file:/C:/Users/Malithi/Documents/NetBeansProjects/Library%20Managgement%20System/src/Model/RemoveMember.java</file>
            <file>file:/C:/Users/Malithi/Documents/NetBeansProjects/Library%20Managgement%20System/src/View/AddMemberForm.java</file>
            <file>file:/C:/Users/Malithi/Documents/NetBeansProjects/Library%20Managgement%20System/src/View/icons8-add-properties-64.png</file>
            <file>file:/C:/Users/Malithi/Documents/NetBeansProjects/Library%20Managgement%20System/src/Model/AddBorrow.java</file>
            <file>file:/C:/Users/Malithi/Documents/NetBeansProjects/Library%20Managgement%20System/src/Model/AddMember.java</file>
            <file>file:/C:/Users/Malithi/Documents/NetBeansProjects/Library%20Managgement%20System/src/Controller/MemberController.java</file>
        </group>
    </open-files>
</project-private>
